task,model_type,model_name,noise_type,evaluation_scope,subword_inflation_bin,num_samples,num_errors,accuracy,mean_subword_delta,mean_changed_token_ratio,error_rate
sentiment,baseline,majority_class,domain_abbreviation,changed_only,<0.95,159,129,0.18867924528301888,-1.10062893081761,0.24537329090978907,0.8113207547169812
sentiment,baseline,majority_class,domain_abbreviation,changed_only,0.95-1.00,1371,688,0.49817651349380015,-0.06856309263311451,0.17990070966663912,0.5018234865061999
sentiment,baseline,majority_class,domain_abbreviation,full,<0.95,159,129,0.18867924528301888,-1.10062893081761,0.24537329090978907,0.8113207547169812
sentiment,baseline,majority_class,domain_abbreviation,full,0.95-1.00,3007,1447,0.5187894911872298,-0.03126039241769205,0.08202323676520194,0.48121050881277017
sentiment,baseline,majority_class,elongation,changed_only,0.95-1.00,3,2,0.3333333333333333,0.0,0.0681964573268921,0.6666666666666667
sentiment,baseline,majority_class,elongation,changed_only,1.00-1.05,173,141,0.18497109826589594,1.4971098265895955,0.030249054721375367,0.815028901734104
sentiment,baseline,majority_class,elongation,changed_only,1.05-1.15,1164,665,0.42869415807560135,1.8565292096219932,0.062047424151203706,0.5713058419243986
sentiment,baseline,majority_class,elongation,changed_only,1.15-1.30,1150,502,0.5634782608695652,2.210434782608696,0.10616817465225728,0.4365217391304348
sentiment,baseline,majority_class,elongation,changed_only,>1.30,674,265,0.6068249258160238,2.6409495548961424,0.18211397076382235,0.39317507418397624
sentiment,baseline,majority_class,elongation,full,0.95-1.00,5,3,0.4,0.0,0.04091787439613526,0.6
sentiment,baseline,majority_class,elongation,full,1.00-1.05,173,141,0.18497109826589594,1.4971098265895955,0.030249054721375367,0.815028901734104
sentiment,baseline,majority_class,elongation,full,1.05-1.15,1164,665,0.42869415807560135,1.8565292096219932,0.062047424151203706,0.5713058419243986
sentiment,baseline,majority_class,elongation,full,1.15-1.30,1150,502,0.5634782608695652,2.210434782608696,0.10616817465225728,0.4365217391304348
sentiment,baseline,majority_class,elongation,full,>1.30,674,265,0.6068249258160238,2.6409495548961424,0.18211397076382235,0.39317507418397624
sentiment,baseline,majority_class,mixed_noise,changed_only,<0.95,27,24,0.1111111111111111,-1.0,0.30673043050924026,0.8888888888888888
sentiment,baseline,majority_class,mixed_noise,changed_only,0.95-1.00,717,356,0.5034867503486751,-0.016736401673640166,0.21000431560675348,0.49651324965132493
sentiment,baseline,majority_class,mixed_noise,changed_only,1.00-1.05,245,185,0.24489795918367346,1.1183673469387756,0.1092325191071299,0.7551020408163265
sentiment,baseline,majority_class,mixed_noise,changed_only,1.05-1.15,1073,539,0.4976700838769804,1.505125815470643,0.18824386563483422,0.5023299161230196
sentiment,baseline,majority_class,mixed_noise,changed_only,1.15-1.30,705,304,0.5687943262411348,2.1333333333333333,0.23396417370093703,0.4312056737588652
sentiment,baseline,majority_class,mixed_noise,changed_only,>1.30,368,152,0.5869565217391305,2.6847826086956523,0.29544514965710617,0.4130434782608695
sentiment,baseline,majority_class,mixed_noise,full,<0.95,27,24,0.1111111111111111,-1.0,0.30673043050924026,0.8888888888888888
sentiment,baseline,majority_class,mixed_noise,full,0.95-1.00,748,372,0.5026737967914439,-0.016042780748663103,0.20130092819524362,0.49732620320855614
sentiment,baseline,majority_class,mixed_noise,full,1.00-1.05,245,185,0.24489795918367346,1.1183673469387756,0.1092325191071299,0.7551020408163265
sentiment,baseline,majority_class,mixed_noise,full,1.05-1.15,1073,539,0.4976700838769804,1.505125815470643,0.18824386563483422,0.5023299161230196
sentiment,baseline,majority_class,mixed_noise,full,1.15-1.30,705,304,0.5687943262411348,2.1333333333333333,0.23396417370093703,0.4312056737588652
sentiment,baseline,majority_class,mixed_noise,full,>1.30,368,152,0.5869565217391305,2.6847826086956523,0.29544514965710617,0.4130434782608695
sentiment,baseline,majority_class,no_accent,changed_only,<0.95,7,2,0.7142857142857143,-1.1428571428571428,0.6323652537938252,0.2857142857142857
sentiment,baseline,majority_class,no_accent,changed_only,0.95-1.00,238,119,0.5,0.0,0.6635819246113364,0.5
sentiment,baseline,majority_class,no_accent,changed_only,1.00-1.05,9,5,0.4444444444444444,1.1111111111111112,0.6552206872522154,0.5555555555555556
sentiment,baseline,majority_class,no_accent,changed_only,1.05-1.15,526,248,0.5285171102661597,1.55893536121673,0.7385578248582306,0.47148288973384034
sentiment,baseline,majority_class,no_accent,changed_only,1.15-1.30,1530,768,0.4980392156862745,3.7777777777777777,0.7645655913424739,0.5019607843137255
sentiment,baseline,majority_class,no_accent,changed_only,>1.30,852,432,0.49295774647887325,5.315727699530516,0.791244819685298,0.5070422535211268
sentiment,baseline,majority_class,no_accent,full,<0.95,7,2,0.7142857142857143,-1.1428571428571428,0.6323652537938252,0.2857142857142857
sentiment,baseline,majority_class,no_accent,full,0.95-1.00,242,121,0.5,0.0,0.6526136283367688,0.5
sentiment,baseline,majority_class,no_accent,full,1.00-1.05,9,5,0.4444444444444444,1.1111111111111112,0.6552206872522154,0.5555555555555556
sentiment,baseline,majority_class,no_accent,full,1.05-1.15,526,248,0.5285171102661597,1.55893536121673,0.7385578248582306,0.47148288973384034
sentiment,baseline,majority_class,no_accent,full,1.15-1.30,1530,768,0.4980392156862745,3.7777777777777777,0.7645655913424739,0.5019607843137255
sentiment,baseline,majority_class,no_accent,full,>1.30,852,432,0.49295774647887325,5.315727699530516,0.791244819685298,0.5070422535211268
sentiment,baseline,majority_class,teencode_colloquial,changed_only,0.95-1.00,1010,505,0.5,0.0,0.09786012852223808,0.5
sentiment,baseline,majority_class,teencode_colloquial,changed_only,1.00-1.05,176,127,0.2784090909090909,1.0113636363636365,0.059510085514269735,0.7215909090909092
sentiment,baseline,majority_class,teencode_colloquial,changed_only,1.05-1.15,308,174,0.43506493506493504,1.0584415584415585,0.10901657561705641,0.564935064935065
sentiment,baseline,majority_class,teencode_colloquial,changed_only,1.15-1.30,42,25,0.40476190476190477,1.2142857142857142,0.20453395810538666,0.5952380952380952
sentiment,baseline,majority_class,teencode_colloquial,changed_only,>1.30,5,3,0.4,1.4,0.3333333333333333,0.6
sentiment,baseline,majority_class,teencode_colloquial,full,0.95-1.00,2635,1247,0.5267552182163188,0.0,0.037509954386133,0.47324478178368123
sentiment,baseline,majority_class,teencode_colloquial,full,1.00-1.05,176,127,0.2784090909090909,1.0113636363636365,0.059510085514269735,0.7215909090909092
sentiment,baseline,majority_class,teencode_colloquial,full,1.05-1.15,308,174,0.43506493506493504,1.0584415584415585,0.10901657561705641,0.564935064935065
sentiment,baseline,majority_class,teencode_colloquial,full,1.15-1.30,42,25,0.40476190476190477,1.2142857142857142,0.20453395810538666,0.5952380952380952
sentiment,baseline,majority_class,teencode_colloquial,full,>1.30,5,3,0.4,1.4,0.3333333333333333,0.6
sentiment,baseline,majority_class,typo,changed_only,<0.95,4,3,0.25,-1.25,0.1352272727272727,0.75
sentiment,baseline,majority_class,typo,changed_only,0.95-1.00,1414,706,0.5007072135785007,-0.0014144271570014145,0.09829612323208958,0.4992927864214993
sentiment,baseline,majority_class,typo,changed_only,1.00-1.05,343,240,0.30029154518950435,1.0029154518950438,0.03718463211327296,0.6997084548104957
sentiment,baseline,majority_class,typo,changed_only,1.05-1.15,1072,465,0.566231343283582,1.017723880597015,0.09471983914765347,0.43376865671641796
sentiment,baseline,majority_class,typo,changed_only,1.15-1.30,214,102,0.5233644859813084,1.0700934579439252,0.1864375759235572,0.47663551401869164
sentiment,baseline,majority_class,typo,changed_only,>1.30,27,15,0.4444444444444444,1.1481481481481481,0.32962962962962966,0.5555555555555556
sentiment,baseline,majority_class,typo,full,<0.95,4,3,0.25,-1.25,0.1352272727272727,0.75
sentiment,baseline,majority_class,typo,full,0.95-1.00,1506,751,0.50132802124834,-0.0013280212483399733,0.09229131357913324,0.49867197875166
sentiment,baseline,majority_class,typo,full,1.00-1.05,343,240,0.30029154518950435,1.0029154518950438,0.03718463211327296,0.6997084548104957
sentiment,baseline,majority_class,typo,full,1.05-1.15,1072,465,0.566231343283582,1.017723880597015,0.09471983914765347,0.43376865671641796
sentiment,baseline,majority_class,typo,full,1.15-1.30,214,102,0.5233644859813084,1.0700934579439252,0.1864375759235572,0.47663551401869164
sentiment,baseline,majority_class,typo,full,>1.30,27,15,0.4444444444444444,1.1481481481481481,0.32962962962962966,0.5555555555555556
sentiment,baseline,tfidf_char_svm,domain_abbreviation,changed_only,<0.95,159,22,0.8616352201257862,-1.10062893081761,0.24537329090978907,0.1383647798742138
sentiment,baseline,tfidf_char_svm,domain_abbreviation,changed_only,0.95-1.00,1371,144,0.8949671772428884,-0.06856309263311451,0.17990070966663912,0.10503282275711157
sentiment,baseline,tfidf_char_svm,domain_abbreviation,full,<0.95,159,22,0.8616352201257862,-1.10062893081761,0.24537329090978907,0.1383647798742138
sentiment,baseline,tfidf_char_svm,domain_abbreviation,full,0.95-1.00,3007,374,0.8756235450615231,-0.03126039241769205,0.08202323676520194,0.12437645493847693
sentiment,baseline,tfidf_char_svm,elongation,changed_only,0.95-1.00,3,2,0.3333333333333333,0.0,0.0681964573268921,0.6666666666666667
sentiment,baseline,tfidf_char_svm,elongation,changed_only,1.00-1.05,173,15,0.9132947976878613,1.4971098265895955,0.030249054721375367,0.08670520231213874
sentiment,baseline,tfidf_char_svm,elongation,changed_only,1.05-1.15,1164,151,0.8702749140893471,1.8565292096219932,0.062047424151203706,0.1297250859106529
sentiment,baseline,tfidf_char_svm,elongation,changed_only,1.15-1.30,1150,149,0.8704347826086957,2.210434782608696,0.10616817465225728,0.12956521739130433
sentiment,baseline,tfidf_char_svm,elongation,changed_only,>1.30,674,71,0.8946587537091988,2.6409495548961424,0.18211397076382235,0.10534124629080122
sentiment,baseline,tfidf_char_svm,elongation,full,0.95-1.00,5,2,0.6,0.0,0.04091787439613526,0.4
sentiment,baseline,tfidf_char_svm,elongation,full,1.00-1.05,173,15,0.9132947976878613,1.4971098265895955,0.030249054721375367,0.08670520231213874
sentiment,baseline,tfidf_char_svm,elongation,full,1.05-1.15,1164,151,0.8702749140893471,1.8565292096219932,0.062047424151203706,0.1297250859106529
sentiment,baseline,tfidf_char_svm,elongation,full,1.15-1.30,1150,149,0.8704347826086957,2.210434782608696,0.10616817465225728,0.12956521739130433
sentiment,baseline,tfidf_char_svm,elongation,full,>1.30,674,71,0.8946587537091988,2.6409495548961424,0.18211397076382235,0.10534124629080122
sentiment,baseline,tfidf_char_svm,mixed_noise,changed_only,<0.95,27,6,0.7777777777777778,-1.0,0.30673043050924026,0.2222222222222222
sentiment,baseline,tfidf_char_svm,mixed_noise,changed_only,0.95-1.00,717,108,0.8493723849372385,-0.016736401673640166,0.21000431560675348,0.15062761506276146
sentiment,baseline,tfidf_char_svm,mixed_noise,changed_only,1.00-1.05,245,37,0.8489795918367347,1.1183673469387756,0.1092325191071299,0.15102040816326534
sentiment,baseline,tfidf_char_svm,mixed_noise,changed_only,1.05-1.15,1073,171,0.8406337371854613,1.505125815470643,0.18824386563483422,0.1593662628145387
sentiment,baseline,tfidf_char_svm,mixed_noise,changed_only,1.15-1.30,705,131,0.8141843971631205,2.1333333333333333,0.23396417370093703,0.18581560283687948
sentiment,baseline,tfidf_char_svm,mixed_noise,changed_only,>1.30,368,54,0.8532608695652174,2.6847826086956523,0.29544514965710617,0.1467391304347826
sentiment,baseline,tfidf_char_svm,mixed_noise,full,<0.95,27,6,0.7777777777777778,-1.0,0.30673043050924026,0.2222222222222222
sentiment,baseline,tfidf_char_svm,mixed_noise,full,0.95-1.00,748,115,0.8462566844919787,-0.016042780748663103,0.20130092819524362,0.15374331550802134
sentiment,baseline,tfidf_char_svm,mixed_noise,full,1.00-1.05,245,37,0.8489795918367347,1.1183673469387756,0.1092325191071299,0.15102040816326534
sentiment,baseline,tfidf_char_svm,mixed_noise,full,1.05-1.15,1073,171,0.8406337371854613,1.505125815470643,0.18824386563483422,0.1593662628145387
sentiment,baseline,tfidf_char_svm,mixed_noise,full,1.15-1.30,705,131,0.8141843971631205,2.1333333333333333,0.23396417370093703,0.18581560283687948
sentiment,baseline,tfidf_char_svm,mixed_noise,full,>1.30,368,54,0.8532608695652174,2.6847826086956523,0.29544514965710617,0.1467391304347826
sentiment,baseline,tfidf_char_svm,no_accent,changed_only,<0.95,7,3,0.5714285714285714,-1.1428571428571428,0.6323652537938252,0.4285714285714286
sentiment,baseline,tfidf_char_svm,no_accent,changed_only,0.95-1.00,238,125,0.47478991596638653,0.0,0.6635819246113364,0.5252100840336135
sentiment,baseline,tfidf_char_svm,no_accent,changed_only,1.00-1.05,9,4,0.5555555555555556,1.1111111111111112,0.6552206872522154,0.4444444444444444
sentiment,baseline,tfidf_char_svm,no_accent,changed_only,1.05-1.15,526,286,0.45627376425855515,1.55893536121673,0.7385578248582306,0.5437262357414449
sentiment,baseline,tfidf_char_svm,no_accent,changed_only,1.15-1.30,1530,806,0.47320261437908495,3.7777777777777777,0.7645655913424739,0.526797385620915
sentiment,baseline,tfidf_char_svm,no_accent,changed_only,>1.30,852,478,0.43896713615023475,5.315727699530516,0.791244819685298,0.5610328638497653
sentiment,baseline,tfidf_char_svm,no_accent,full,<0.95,7,3,0.5714285714285714,-1.1428571428571428,0.6323652537938252,0.4285714285714286
sentiment,baseline,tfidf_char_svm,no_accent,full,0.95-1.00,242,127,0.47520661157024796,0.0,0.6526136283367688,0.524793388429752
sentiment,baseline,tfidf_char_svm,no_accent,full,1.00-1.05,9,4,0.5555555555555556,1.1111111111111112,0.6552206872522154,0.4444444444444444
sentiment,baseline,tfidf_char_svm,no_accent,full,1.05-1.15,526,286,0.45627376425855515,1.55893536121673,0.7385578248582306,0.5437262357414449
sentiment,baseline,tfidf_char_svm,no_accent,full,1.15-1.30,1530,806,0.47320261437908495,3.7777777777777777,0.7645655913424739,0.526797385620915
sentiment,baseline,tfidf_char_svm,no_accent,full,>1.30,852,478,0.43896713615023475,5.315727699530516,0.791244819685298,0.5610328638497653
sentiment,baseline,tfidf_char_svm,teencode_colloquial,changed_only,0.95-1.00,1010,218,0.7841584158415842,0.0,0.09786012852223808,0.2158415841584158
sentiment,baseline,tfidf_char_svm,teencode_colloquial,changed_only,1.00-1.05,176,15,0.9147727272727273,1.0113636363636365,0.059510085514269735,0.08522727272727271
sentiment,baseline,tfidf_char_svm,teencode_colloquial,changed_only,1.05-1.15,308,58,0.8116883116883117,1.0584415584415585,0.10901657561705641,0.18831168831168832
sentiment,baseline,tfidf_char_svm,teencode_colloquial,changed_only,1.15-1.30,42,10,0.7619047619047619,1.2142857142857142,0.20453395810538666,0.23809523809523814
sentiment,baseline,tfidf_char_svm,teencode_colloquial,changed_only,>1.30,5,1,0.8,1.4,0.3333333333333333,0.19999999999999996
sentiment,baseline,tfidf_char_svm,teencode_colloquial,full,0.95-1.00,2635,421,0.8402277039848197,0.0,0.037509954386133,0.15977229601518028
sentiment,baseline,tfidf_char_svm,teencode_colloquial,full,1.00-1.05,176,15,0.9147727272727273,1.0113636363636365,0.059510085514269735,0.08522727272727271
sentiment,baseline,tfidf_char_svm,teencode_colloquial,full,1.05-1.15,308,58,0.8116883116883117,1.0584415584415585,0.10901657561705641,0.18831168831168832
sentiment,baseline,tfidf_char_svm,teencode_colloquial,full,1.15-1.30,42,10,0.7619047619047619,1.2142857142857142,0.20453395810538666,0.23809523809523814
sentiment,baseline,tfidf_char_svm,teencode_colloquial,full,>1.30,5,1,0.8,1.4,0.3333333333333333,0.19999999999999996
sentiment,baseline,tfidf_char_svm,typo,changed_only,<0.95,4,2,0.5,-1.25,0.1352272727272727,0.5
sentiment,baseline,tfidf_char_svm,typo,changed_only,0.95-1.00,1414,225,0.8408769448373409,-0.0014144271570014145,0.09829612323208958,0.15912305516265912
sentiment,baseline,tfidf_char_svm,typo,changed_only,1.00-1.05,343,43,0.8746355685131195,1.0029154518950438,0.03718463211327296,0.12536443148688048
sentiment,baseline,tfidf_char_svm,typo,changed_only,1.05-1.15,1072,148,0.8619402985074627,1.017723880597015,0.09471983914765347,0.13805970149253732
sentiment,baseline,tfidf_char_svm,typo,changed_only,1.15-1.30,214,40,0.8130841121495327,1.0700934579439252,0.1864375759235572,0.1869158878504673
sentiment,baseline,tfidf_char_svm,typo,changed_only,>1.30,27,8,0.7037037037037037,1.1481481481481481,0.32962962962962966,0.2962962962962963
sentiment,baseline,tfidf_char_svm,typo,full,<0.95,4,2,0.5,-1.25,0.1352272727272727,0.5
sentiment,baseline,tfidf_char_svm,typo,full,0.95-1.00,1506,239,0.8413014608233732,-0.0013280212483399733,0.09229131357913324,0.1586985391766268
sentiment,baseline,tfidf_char_svm,typo,full,1.00-1.05,343,43,0.8746355685131195,1.0029154518950438,0.03718463211327296,0.12536443148688048
sentiment,baseline,tfidf_char_svm,typo,full,1.05-1.15,1072,148,0.8619402985074627,1.017723880597015,0.09471983914765347,0.13805970149253732
sentiment,baseline,tfidf_char_svm,typo,full,1.15-1.30,214,40,0.8130841121495327,1.0700934579439252,0.1864375759235572,0.1869158878504673
sentiment,baseline,tfidf_char_svm,typo,full,>1.30,27,8,0.7037037037037037,1.1481481481481481,0.32962962962962966,0.2962962962962963
sentiment,baseline,tfidf_word_svm,domain_abbreviation,changed_only,<0.95,159,16,0.89937106918239,-1.10062893081761,0.24537329090978907,0.10062893081761004
sentiment,baseline,tfidf_word_svm,domain_abbreviation,changed_only,0.95-1.00,1371,126,0.9080962800875274,-0.06856309263311451,0.17990070966663912,0.09190371991247259
sentiment,baseline,tfidf_word_svm,domain_abbreviation,full,<0.95,159,16,0.89937106918239,-1.10062893081761,0.24537329090978907,0.10062893081761004
sentiment,baseline,tfidf_word_svm,domain_abbreviation,full,0.95-1.00,3007,323,0.8925839707349518,-0.03126039241769205,0.08202323676520194,0.10741602926504823
sentiment,baseline,tfidf_word_svm,elongation,changed_only,0.95-1.00,3,1,0.6666666666666666,0.0,0.0681964573268921,0.33333333333333337
sentiment,baseline,tfidf_word_svm,elongation,changed_only,1.00-1.05,173,16,0.9075144508670521,1.4971098265895955,0.030249054721375367,0.09248554913294793
sentiment,baseline,tfidf_word_svm,elongation,changed_only,1.05-1.15,1164,131,0.8874570446735395,1.8565292096219932,0.062047424151203706,0.11254295532646053
sentiment,baseline,tfidf_word_svm,elongation,changed_only,1.15-1.30,1150,148,0.871304347826087,2.210434782608696,0.10616817465225728,0.128695652173913
sentiment,baseline,tfidf_word_svm,elongation,changed_only,>1.30,674,105,0.844213649851632,2.6409495548961424,0.18211397076382235,0.15578635014836795
sentiment,baseline,tfidf_word_svm,elongation,full,0.95-1.00,5,1,0.8,0.0,0.04091787439613526,0.19999999999999996
sentiment,baseline,tfidf_word_svm,elongation,full,1.00-1.05,173,16,0.9075144508670521,1.4971098265895955,0.030249054721375367,0.09248554913294793
sentiment,baseline,tfidf_word_svm,elongation,full,1.05-1.15,1164,131,0.8874570446735395,1.8565292096219932,0.062047424151203706,0.11254295532646053
sentiment,baseline,tfidf_word_svm,elongation,full,1.15-1.30,1150,148,0.871304347826087,2.210434782608696,0.10616817465225728,0.128695652173913
sentiment,baseline,tfidf_word_svm,elongation,full,>1.30,674,105,0.844213649851632,2.6409495548961424,0.18211397076382235,0.15578635014836795
sentiment,baseline,tfidf_word_svm,mixed_noise,changed_only,<0.95,27,6,0.7777777777777778,-1.0,0.30673043050924026,0.2222222222222222
sentiment,baseline,tfidf_word_svm,mixed_noise,changed_only,0.95-1.00,717,90,0.8744769874476988,-0.016736401673640166,0.21000431560675348,0.12552301255230125
sentiment,baseline,tfidf_word_svm,mixed_noise,changed_only,1.00-1.05,245,30,0.8775510204081632,1.1183673469387756,0.1092325191071299,0.12244897959183676
sentiment,baseline,tfidf_word_svm,mixed_noise,changed_only,1.05-1.15,1073,156,0.8546132339235788,1.505125815470643,0.18824386563483422,0.1453867660764212
sentiment,baseline,tfidf_word_svm,mixed_noise,changed_only,1.15-1.30,705,123,0.825531914893617,2.1333333333333333,0.23396417370093703,0.174468085106383
sentiment,baseline,tfidf_word_svm,mixed_noise,changed_only,>1.30,368,78,0.7880434782608695,2.6847826086956523,0.29544514965710617,0.2119565217391305
sentiment,baseline,tfidf_word_svm,mixed_noise,full,<0.95,27,6,0.7777777777777778,-1.0,0.30673043050924026,0.2222222222222222
sentiment,baseline,tfidf_word_svm,mixed_noise,full,0.95-1.00,748,97,0.8703208556149733,-0.016042780748663103,0.20130092819524362,0.1296791443850267
sentiment,baseline,tfidf_word_svm,mixed_noise,full,1.00-1.05,245,30,0.8775510204081632,1.1183673469387756,0.1092325191071299,0.12244897959183676
sentiment,baseline,tfidf_word_svm,mixed_noise,full,1.05-1.15,1073,156,0.8546132339235788,1.505125815470643,0.18824386563483422,0.1453867660764212
sentiment,baseline,tfidf_word_svm,mixed_noise,full,1.15-1.30,705,123,0.825531914893617,2.1333333333333333,0.23396417370093703,0.174468085106383
sentiment,baseline,tfidf_word_svm,mixed_noise,full,>1.30,368,78,0.7880434782608695,2.6847826086956523,0.29544514965710617,0.2119565217391305
sentiment,baseline,tfidf_word_svm,no_accent,changed_only,<0.95,7,2,0.7142857142857143,-1.1428571428571428,0.6323652537938252,0.2857142857142857
sentiment,baseline,tfidf_word_svm,no_accent,changed_only,0.95-1.00,238,121,0.49159663865546216,0.0,0.6635819246113364,0.5084033613445378
sentiment,baseline,tfidf_word_svm,no_accent,changed_only,1.00-1.05,9,4,0.5555555555555556,1.1111111111111112,0.6552206872522154,0.4444444444444444
sentiment,baseline,tfidf_word_svm,no_accent,changed_only,1.05-1.15,526,306,0.41825095057034223,1.55893536121673,0.7385578248582306,0.5817490494296578
sentiment,baseline,tfidf_word_svm,no_accent,changed_only,1.15-1.30,1530,896,0.4143790849673203,3.7777777777777777,0.7645655913424739,0.5856209150326797
sentiment,baseline,tfidf_word_svm,no_accent,changed_only,>1.30,852,547,0.357981220657277,5.315727699530516,0.791244819685298,0.642018779342723
sentiment,baseline,tfidf_word_svm,no_accent,full,<0.95,7,2,0.7142857142857143,-1.1428571428571428,0.6323652537938252,0.2857142857142857
sentiment,baseline,tfidf_word_svm,no_accent,full,0.95-1.00,242,123,0.49173553719008267,0.0,0.6526136283367688,0.5082644628099173
sentiment,baseline,tfidf_word_svm,no_accent,full,1.00-1.05,9,4,0.5555555555555556,1.1111111111111112,0.6552206872522154,0.4444444444444444
sentiment,baseline,tfidf_word_svm,no_accent,full,1.05-1.15,526,306,0.41825095057034223,1.55893536121673,0.7385578248582306,0.5817490494296578
sentiment,baseline,tfidf_word_svm,no_accent,full,1.15-1.30,1530,896,0.4143790849673203,3.7777777777777777,0.7645655913424739,0.5856209150326797
sentiment,baseline,tfidf_word_svm,no_accent,full,>1.30,852,547,0.357981220657277,5.315727699530516,0.791244819685298,0.642018779342723
sentiment,baseline,tfidf_word_svm,teencode_colloquial,changed_only,0.95-1.00,1010,174,0.8277227722772277,0.0,0.09786012852223808,0.17227722772277232
sentiment,baseline,tfidf_word_svm,teencode_colloquial,changed_only,1.00-1.05,176,11,0.9375,1.0113636363636365,0.059510085514269735,0.0625
sentiment,baseline,tfidf_word_svm,teencode_colloquial,changed_only,1.05-1.15,308,48,0.8441558441558441,1.0584415584415585,0.10901657561705641,0.1558441558441559
sentiment,baseline,tfidf_word_svm,teencode_colloquial,changed_only,1.15-1.30,42,10,0.7619047619047619,1.2142857142857142,0.20453395810538666,0.23809523809523814
sentiment,baseline,tfidf_word_svm,teencode_colloquial,changed_only,>1.30,5,0,1.0,1.4,0.3333333333333333,0.0
sentiment,baseline,tfidf_word_svm,teencode_colloquial,full,0.95-1.00,2635,364,0.8618595825426945,0.0,0.037509954386133,0.13814041745730554
sentiment,baseline,tfidf_word_svm,teencode_colloquial,full,1.00-1.05,176,11,0.9375,1.0113636363636365,0.059510085514269735,0.0625
sentiment,baseline,tfidf_word_svm,teencode_colloquial,full,1.05-1.15,308,48,0.8441558441558441,1.0584415584415585,0.10901657561705641,0.1558441558441559
sentiment,baseline,tfidf_word_svm,teencode_colloquial,full,1.15-1.30,42,10,0.7619047619047619,1.2142857142857142,0.20453395810538666,0.23809523809523814
sentiment,baseline,tfidf_word_svm,teencode_colloquial,full,>1.30,5,0,1.0,1.4,0.3333333333333333,0.0
sentiment,baseline,tfidf_word_svm,typo,changed_only,<0.95,4,1,0.75,-1.25,0.1352272727272727,0.25
sentiment,baseline,tfidf_word_svm,typo,changed_only,0.95-1.00,1414,180,0.8727015558698727,-0.0014144271570014145,0.09829612323208958,0.12729844413012725
sentiment,baseline,tfidf_word_svm,typo,changed_only,1.00-1.05,343,34,0.9008746355685131,1.0029154518950438,0.03718463211327296,0.0991253644314869
sentiment,baseline,tfidf_word_svm,typo,changed_only,1.05-1.15,1072,122,0.8861940298507462,1.017723880597015,0.09471983914765347,0.11380597014925375
sentiment,baseline,tfidf_word_svm,typo,changed_only,1.15-1.30,214,36,0.8317757009345794,1.0700934579439252,0.1864375759235572,0.16822429906542058
sentiment,baseline,tfidf_word_svm,typo,changed_only,>1.30,27,9,0.6666666666666666,1.1481481481481481,0.32962962962962966,0.33333333333333337
sentiment,baseline,tfidf_word_svm,typo,full,<0.95,4,1,0.75,-1.25,0.1352272727272727,0.25
sentiment,baseline,tfidf_word_svm,typo,full,0.95-1.00,1506,197,0.8691899070385126,-0.0013280212483399733,0.09229131357913324,0.13081009296148738
sentiment,baseline,tfidf_word_svm,typo,full,1.00-1.05,343,34,0.9008746355685131,1.0029154518950438,0.03718463211327296,0.0991253644314869
sentiment,baseline,tfidf_word_svm,typo,full,1.05-1.15,1072,122,0.8861940298507462,1.017723880597015,0.09471983914765347,0.11380597014925375
sentiment,baseline,tfidf_word_svm,typo,full,1.15-1.30,214,36,0.8317757009345794,1.0700934579439252,0.1864375759235572,0.16822429906542058
sentiment,baseline,tfidf_word_svm,typo,full,>1.30,27,9,0.6666666666666666,1.1481481481481481,0.32962962962962966,0.33333333333333337
sentiment,phobert,phobert_base,domain_abbreviation,changed_only,<0.95,159,19,0.8805031446540881,-1.10062893081761,0.24537329090978907,0.11949685534591192
sentiment,phobert,phobert_base,domain_abbreviation,changed_only,0.95-1.00,1371,84,0.9387308533916849,-0.06856309263311451,0.17990070966663912,0.06126914660831506
sentiment,phobert,phobert_base,domain_abbreviation,full,<0.95,159,19,0.8805031446540881,-1.10062893081761,0.24537329090978907,0.11949685534591192
sentiment,phobert,phobert_base,domain_abbreviation,full,0.95-1.00,3007,209,0.930495510475557,-0.03126039241769205,0.08202323676520194,0.06950448952444299
sentiment,phobert,phobert_base,elongation,changed_only,0.95-1.00,3,0,1.0,0.0,0.0681964573268921,0.0
sentiment,phobert,phobert_base,elongation,changed_only,1.00-1.05,173,10,0.9421965317919075,1.4971098265895955,0.030249054721375367,0.05780346820809246
sentiment,phobert,phobert_base,elongation,changed_only,1.05-1.15,1164,72,0.9381443298969072,1.8565292096219932,0.062047424151203706,0.061855670103092786
sentiment,phobert,phobert_base,elongation,changed_only,1.15-1.30,1150,101,0.9121739130434783,2.210434782608696,0.10616817465225728,0.08782608695652172
sentiment,phobert,phobert_base,elongation,changed_only,>1.30,674,76,0.887240356083086,2.6409495548961424,0.18211397076382235,0.11275964391691395
sentiment,phobert,phobert_base,elongation,full,0.95-1.00,5,0,1.0,0.0,0.04091787439613526,0.0
sentiment,phobert,phobert_base,elongation,full,1.00-1.05,173,10,0.9421965317919075,1.4971098265895955,0.030249054721375367,0.05780346820809246
sentiment,phobert,phobert_base,elongation,full,1.05-1.15,1164,72,0.9381443298969072,1.8565292096219932,0.062047424151203706,0.061855670103092786
sentiment,phobert,phobert_base,elongation,full,1.15-1.30,1150,101,0.9121739130434783,2.210434782608696,0.10616817465225728,0.08782608695652172
sentiment,phobert,phobert_base,elongation,full,>1.30,674,76,0.887240356083086,2.6409495548961424,0.18211397076382235,0.11275964391691395
sentiment,phobert,phobert_base,mixed_noise,changed_only,<0.95,27,8,0.7037037037037037,-1.0,0.30673043050924026,0.2962962962962963
sentiment,phobert,phobert_base,mixed_noise,changed_only,0.95-1.00,717,77,0.8926080892608089,-0.016736401673640166,0.21000431560675348,0.10739191073919108
sentiment,phobert,phobert_base,mixed_noise,changed_only,1.00-1.05,245,14,0.9428571428571428,1.1183673469387756,0.1092325191071299,0.05714285714285716
sentiment,phobert,phobert_base,mixed_noise,changed_only,1.05-1.15,1073,98,0.9086672879776329,1.505125815470643,0.18824386563483422,0.09133271202236715
sentiment,phobert,phobert_base,mixed_noise,changed_only,1.15-1.30,705,85,0.8794326241134752,2.1333333333333333,0.23396417370093703,0.12056737588652477
sentiment,phobert,phobert_base,mixed_noise,changed_only,>1.30,368,57,0.845108695652174,2.6847826086956523,0.29544514965710617,0.15489130434782605
sentiment,phobert,phobert_base,mixed_noise,full,<0.95,27,8,0.7037037037037037,-1.0,0.30673043050924026,0.2962962962962963
sentiment,phobert,phobert_base,mixed_noise,full,0.95-1.00,748,81,0.8917112299465241,-0.016042780748663103,0.20130092819524362,0.10828877005347592
sentiment,phobert,phobert_base,mixed_noise,full,1.00-1.05,245,14,0.9428571428571428,1.1183673469387756,0.1092325191071299,0.05714285714285716
sentiment,phobert,phobert_base,mixed_noise,full,1.05-1.15,1073,98,0.9086672879776329,1.505125815470643,0.18824386563483422,0.09133271202236715
sentiment,phobert,phobert_base,mixed_noise,full,1.15-1.30,705,85,0.8794326241134752,2.1333333333333333,0.23396417370093703,0.12056737588652477
sentiment,phobert,phobert_base,mixed_noise,full,>1.30,368,57,0.845108695652174,2.6847826086956523,0.29544514965710617,0.15489130434782605
sentiment,phobert,phobert_base,no_accent,changed_only,<0.95,7,4,0.42857142857142855,-1.1428571428571428,0.6323652537938252,0.5714285714285714
sentiment,phobert,phobert_base,no_accent,changed_only,0.95-1.00,238,121,0.49159663865546216,0.0,0.6635819246113364,0.5084033613445378
sentiment,phobert,phobert_base,no_accent,changed_only,1.00-1.05,9,6,0.3333333333333333,1.1111111111111112,0.6552206872522154,0.6666666666666667
sentiment,phobert,phobert_base,no_accent,changed_only,1.05-1.15,526,295,0.4391634980988593,1.55893536121673,0.7385578248582306,0.5608365019011408
sentiment,phobert,phobert_base,no_accent,changed_only,1.15-1.30,1530,972,0.36470588235294116,3.7777777777777777,0.7645655913424739,0.6352941176470588
sentiment,phobert,phobert_base,no_accent,changed_only,>1.30,852,630,0.2605633802816901,5.315727699530516,0.791244819685298,0.7394366197183099
sentiment,phobert,phobert_base,no_accent,full,<0.95,7,4,0.42857142857142855,-1.1428571428571428,0.6323652537938252,0.5714285714285714
sentiment,phobert,phobert_base,no_accent,full,0.95-1.00,242,123,0.49173553719008267,0.0,0.6526136283367688,0.5082644628099173
sentiment,phobert,phobert_base,no_accent,full,1.00-1.05,9,6,0.3333333333333333,1.1111111111111112,0.6552206872522154,0.6666666666666667
sentiment,phobert,phobert_base,no_accent,full,1.05-1.15,526,295,0.4391634980988593,1.55893536121673,0.7385578248582306,0.5608365019011408
sentiment,phobert,phobert_base,no_accent,full,1.15-1.30,1530,972,0.36470588235294116,3.7777777777777777,0.7645655913424739,0.6352941176470588
sentiment,phobert,phobert_base,no_accent,full,>1.30,852,630,0.2605633802816901,5.315727699530516,0.791244819685298,0.7394366197183099
sentiment,phobert,phobert_base,teencode_colloquial,changed_only,0.95-1.00,1010,83,0.9178217821782179,0.0,0.09786012852223808,0.08217821782178214
sentiment,phobert,phobert_base,teencode_colloquial,changed_only,1.00-1.05,176,7,0.9602272727272727,1.0113636363636365,0.059510085514269735,0.03977272727272729
sentiment,phobert,phobert_base,teencode_colloquial,changed_only,1.05-1.15,308,38,0.8766233766233766,1.0584415584415585,0.10901657561705641,0.12337662337662336
sentiment,phobert,phobert_base,teencode_colloquial,changed_only,1.15-1.30,42,8,0.8095238095238095,1.2142857142857142,0.20453395810538666,0.19047619047619047
sentiment,phobert,phobert_base,teencode_colloquial,changed_only,>1.30,5,1,0.8,1.4,0.3333333333333333,0.19999999999999996
sentiment,phobert,phobert_base,teencode_colloquial,full,0.95-1.00,2635,205,0.9222011385199241,0.0,0.037509954386133,0.07779886148007586
sentiment,phobert,phobert_base,teencode_colloquial,full,1.00-1.05,176,7,0.9602272727272727,1.0113636363636365,0.059510085514269735,0.03977272727272729
sentiment,phobert,phobert_base,teencode_colloquial,full,1.05-1.15,308,38,0.8766233766233766,1.0584415584415585,0.10901657561705641,0.12337662337662336
sentiment,phobert,phobert_base,teencode_colloquial,full,1.15-1.30,42,8,0.8095238095238095,1.2142857142857142,0.20453395810538666,0.19047619047619047
sentiment,phobert,phobert_base,teencode_colloquial,full,>1.30,5,1,0.8,1.4,0.3333333333333333,0.19999999999999996
sentiment,phobert,phobert_base,typo,changed_only,<0.95,4,0,1.0,-1.25,0.1352272727272727,0.0
sentiment,phobert,phobert_base,typo,changed_only,0.95-1.00,1414,137,0.9031117397454032,-0.0014144271570014145,0.09829612323208958,0.09688826025459685
sentiment,phobert,phobert_base,typo,changed_only,1.00-1.05,343,17,0.9504373177842566,1.0029154518950438,0.03718463211327296,0.04956268221574345
sentiment,phobert,phobert_base,typo,changed_only,1.05-1.15,1072,103,0.9039179104477612,1.017723880597015,0.09471983914765347,0.09608208955223885
sentiment,phobert,phobert_base,typo,changed_only,1.15-1.30,214,38,0.822429906542056,1.0700934579439252,0.1864375759235572,0.17757009345794394
sentiment,phobert,phobert_base,typo,changed_only,>1.30,27,10,0.6296296296296297,1.1481481481481481,0.32962962962962966,0.37037037037037035
sentiment,phobert,phobert_base,typo,full,<0.95,4,0,1.0,-1.25,0.1352272727272727,0.0
sentiment,phobert,phobert_base,typo,full,0.95-1.00,1506,148,0.9017264276228419,-0.0013280212483399733,0.09229131357913324,0.09827357237715806
sentiment,phobert,phobert_base,typo,full,1.00-1.05,343,17,0.9504373177842566,1.0029154518950438,0.03718463211327296,0.04956268221574345
sentiment,phobert,phobert_base,typo,full,1.05-1.15,1072,103,0.9039179104477612,1.017723880597015,0.09471983914765347,0.09608208955223885
sentiment,phobert,phobert_base,typo,full,1.15-1.30,214,38,0.822429906542056,1.0700934579439252,0.1864375759235572,0.17757009345794394
sentiment,phobert,phobert_base,typo,full,>1.30,27,10,0.6296296296296297,1.1481481481481481,0.32962962962962966,0.37037037037037035
topic,baseline,majority_class,domain_abbreviation,changed_only,<0.95,159,118,0.2578616352201258,-1.10062893081761,0.24537329090978907,0.7421383647798743
topic,baseline,majority_class,domain_abbreviation,changed_only,0.95-1.00,1371,352,0.7432530999270606,-0.06856309263311451,0.17990070966663912,0.25674690007293943
topic,baseline,majority_class,domain_abbreviation,full,<0.95,159,118,0.2578616352201258,-1.10062893081761,0.24537329090978907,0.7421383647798743
topic,baseline,majority_class,domain_abbreviation,full,0.95-1.00,3007,758,0.7479215164615897,-0.03126039241769205,0.08202323676520194,0.25207848353841034
topic,baseline,majority_class,elongation,changed_only,0.95-1.00,3,2,0.3333333333333333,0.0,0.0681964573268921,0.6666666666666667
topic,baseline,majority_class,elongation,changed_only,1.00-1.05,173,69,0.6011560693641619,1.4971098265895955,0.030249054721375367,0.3988439306358381
topic,baseline,majority_class,elongation,changed_only,1.05-1.15,1164,352,0.697594501718213,1.8565292096219932,0.062047424151203706,0.302405498281787
topic,baseline,majority_class,elongation,changed_only,1.15-1.30,1150,284,0.7530434782608696,2.210434782608696,0.10616817465225728,0.2469565217391304
topic,baseline,majority_class,elongation,changed_only,>1.30,674,167,0.7522255192878339,2.6409495548961424,0.18211397076382235,0.24777448071216612
topic,baseline,majority_class,elongation,full,0.95-1.00,5,4,0.2,0.0,0.04091787439613526,0.8
topic,baseline,majority_class,elongation,full,1.00-1.05,173,69,0.6011560693641619,1.4971098265895955,0.030249054721375367,0.3988439306358381
topic,baseline,majority_class,elongation,full,1.05-1.15,1164,352,0.697594501718213,1.8565292096219932,0.062047424151203706,0.302405498281787
topic,baseline,majority_class,elongation,full,1.15-1.30,1150,284,0.7530434782608696,2.210434782608696,0.10616817465225728,0.2469565217391304
topic,baseline,majority_class,elongation,full,>1.30,674,167,0.7522255192878339,2.6409495548961424,0.18211397076382235,0.24777448071216612
topic,baseline,majority_class,mixed_noise,changed_only,<0.95,27,22,0.18518518518518517,-1.0,0.30673043050924026,0.8148148148148149
topic,baseline,majority_class,mixed_noise,changed_only,0.95-1.00,717,198,0.7238493723849372,-0.016736401673640166,0.21000431560675348,0.2761506276150628
topic,baseline,majority_class,mixed_noise,changed_only,1.00-1.05,245,90,0.6326530612244898,1.1183673469387756,0.1092325191071299,0.36734693877551017
topic,baseline,majority_class,mixed_noise,changed_only,1.05-1.15,1073,287,0.7325256290773532,1.505125815470643,0.18824386563483422,0.2674743709226468
topic,baseline,majority_class,mixed_noise,changed_only,1.15-1.30,705,169,0.7602836879432624,2.1333333333333333,0.23396417370093703,0.2397163120567376
topic,baseline,majority_class,mixed_noise,changed_only,>1.30,368,97,0.7364130434782609,2.6847826086956523,0.29544514965710617,0.26358695652173914
topic,baseline,majority_class,mixed_noise,full,<0.95,27,22,0.18518518518518517,-1.0,0.30673043050924026,0.8148148148148149
topic,baseline,majority_class,mixed_noise,full,0.95-1.00,748,211,0.7179144385026738,-0.016042780748663103,0.20130092819524362,0.2820855614973262
topic,baseline,majority_class,mixed_noise,full,1.00-1.05,245,90,0.6326530612244898,1.1183673469387756,0.1092325191071299,0.36734693877551017
topic,baseline,majority_class,mixed_noise,full,1.05-1.15,1073,287,0.7325256290773532,1.505125815470643,0.18824386563483422,0.2674743709226468
topic,baseline,majority_class,mixed_noise,full,1.15-1.30,705,169,0.7602836879432624,2.1333333333333333,0.23396417370093703,0.2397163120567376
topic,baseline,majority_class,mixed_noise,full,>1.30,368,97,0.7364130434782609,2.6847826086956523,0.29544514965710617,0.26358695652173914
topic,baseline,majority_class,no_accent,changed_only,<0.95,7,3,0.5714285714285714,-1.1428571428571428,0.6323652537938252,0.4285714285714286
topic,baseline,majority_class,no_accent,changed_only,0.95-1.00,238,65,0.726890756302521,0.0,0.6635819246113364,0.273109243697479
topic,baseline,majority_class,no_accent,changed_only,1.00-1.05,9,4,0.5555555555555556,1.1111111111111112,0.6552206872522154,0.4444444444444444
topic,baseline,majority_class,no_accent,changed_only,1.05-1.15,526,144,0.7262357414448669,1.55893536121673,0.7385578248582306,0.2737642585551331
topic,baseline,majority_class,no_accent,changed_only,1.15-1.30,1530,411,0.7313725490196078,3.7777777777777777,0.7645655913424739,0.2686274509803922
topic,baseline,majority_class,no_accent,changed_only,>1.30,852,247,0.710093896713615,5.315727699530516,0.791244819685298,0.289906103286385
topic,baseline,majority_class,no_accent,full,<0.95,7,3,0.5714285714285714,-1.1428571428571428,0.6323652537938252,0.4285714285714286
topic,baseline,majority_class,no_accent,full,0.95-1.00,242,67,0.7231404958677686,0.0,0.6526136283367688,0.27685950413223137
topic,baseline,majority_class,no_accent,full,1.00-1.05,9,4,0.5555555555555556,1.1111111111111112,0.6552206872522154,0.4444444444444444
topic,baseline,majority_class,no_accent,full,1.05-1.15,526,144,0.7262357414448669,1.55893536121673,0.7385578248582306,0.2737642585551331
topic,baseline,majority_class,no_accent,full,1.15-1.30,1530,411,0.7313725490196078,3.7777777777777777,0.7645655913424739,0.2686274509803922
topic,baseline,majority_class,no_accent,full,>1.30,852,247,0.710093896713615,5.315727699530516,0.791244819685298,0.289906103286385
topic,baseline,majority_class,teencode_colloquial,changed_only,0.95-1.00,1010,243,0.7594059405940594,0.0,0.09786012852223808,0.24059405940594059
topic,baseline,majority_class,teencode_colloquial,changed_only,1.00-1.05,176,64,0.6363636363636364,1.0113636363636365,0.059510085514269735,0.36363636363636365
topic,baseline,majority_class,teencode_colloquial,changed_only,1.05-1.15,308,99,0.6785714285714286,1.0584415584415585,0.10901657561705641,0.3214285714285714
topic,baseline,majority_class,teencode_colloquial,changed_only,1.15-1.30,42,15,0.6428571428571429,1.2142857142857142,0.20453395810538666,0.3571428571428571
topic,baseline,majority_class,teencode_colloquial,changed_only,>1.30,5,3,0.4,1.4,0.3333333333333333,0.6
topic,baseline,majority_class,teencode_colloquial,full,0.95-1.00,2635,695,0.7362428842504743,0.0,0.037509954386133,0.26375711574952565
topic,baseline,majority_class,teencode_colloquial,full,1.00-1.05,176,64,0.6363636363636364,1.0113636363636365,0.059510085514269735,0.36363636363636365
topic,baseline,majority_class,teencode_colloquial,full,1.05-1.15,308,99,0.6785714285714286,1.0584415584415585,0.10901657561705641,0.3214285714285714
topic,baseline,majority_class,teencode_colloquial,full,1.15-1.30,42,15,0.6428571428571429,1.2142857142857142,0.20453395810538666,0.3571428571428571
topic,baseline,majority_class,teencode_colloquial,full,>1.30,5,3,0.4,1.4,0.3333333333333333,0.6
topic,baseline,majority_class,typo,changed_only,<0.95,4,2,0.5,-1.25,0.1352272727272727,0.5
topic,baseline,majority_class,typo,changed_only,0.95-1.00,1414,391,0.7234794908062234,-0.0014144271570014145,0.09829612323208958,0.2765205091937766
topic,baseline,majority_class,typo,changed_only,1.00-1.05,343,106,0.6909620991253644,1.0029154518950438,0.03718463211327296,0.30903790087463556
topic,baseline,majority_class,typo,changed_only,1.05-1.15,1072,262,0.7555970149253731,1.017723880597015,0.09471983914765347,0.24440298507462688
topic,baseline,majority_class,typo,changed_only,1.15-1.30,214,51,0.7616822429906542,1.0700934579439252,0.1864375759235572,0.23831775700934577
topic,baseline,majority_class,typo,changed_only,>1.30,27,20,0.25925925925925924,1.1481481481481481,0.32962962962962966,0.7407407407407407
topic,baseline,majority_class,typo,full,<0.95,4,2,0.5,-1.25,0.1352272727272727,0.5
topic,baseline,majority_class,typo,full,0.95-1.00,1506,435,0.7111553784860558,-0.0013280212483399733,0.09229131357913324,0.2888446215139442
topic,baseline,majority_class,typo,full,1.00-1.05,343,106,0.6909620991253644,1.0029154518950438,0.03718463211327296,0.30903790087463556
topic,baseline,majority_class,typo,full,1.05-1.15,1072,262,0.7555970149253731,1.017723880597015,0.09471983914765347,0.24440298507462688
topic,baseline,majority_class,typo,full,1.15-1.30,214,51,0.7616822429906542,1.0700934579439252,0.1864375759235572,0.23831775700934577
topic,baseline,majority_class,typo,full,>1.30,27,20,0.25925925925925924,1.1481481481481481,0.32962962962962966,0.7407407407407407
topic,baseline,tfidf_char_svm,domain_abbreviation,changed_only,<0.95,159,39,0.7547169811320755,-1.10062893081761,0.24537329090978907,0.24528301886792447
topic,baseline,tfidf_char_svm,domain_abbreviation,changed_only,0.95-1.00,1371,322,0.7651349380014588,-0.06856309263311451,0.17990070966663912,0.23486506199854118
topic,baseline,tfidf_char_svm,domain_abbreviation,full,<0.95,159,39,0.7547169811320755,-1.10062893081761,0.24537329090978907,0.24528301886792447
topic,baseline,tfidf_char_svm,domain_abbreviation,full,0.95-1.00,3007,625,0.7921516461589624,-0.03126039241769205,0.08202323676520194,0.20784835384103761
topic,baseline,tfidf_char_svm,elongation,changed_only,0.95-1.00,3,2,0.3333333333333333,0.0,0.0681964573268921,0.6666666666666667
topic,baseline,tfidf_char_svm,elongation,changed_only,1.00-1.05,173,35,0.7976878612716763,1.4971098265895955,0.030249054721375367,0.20231213872832365
topic,baseline,tfidf_char_svm,elongation,changed_only,1.05-1.15,1164,215,0.8152920962199313,1.8565292096219932,0.062047424151203706,0.18470790378006874
topic,baseline,tfidf_char_svm,elongation,changed_only,1.15-1.30,1150,177,0.8460869565217392,2.210434782608696,0.10616817465225728,0.15391304347826085
topic,baseline,tfidf_char_svm,elongation,changed_only,>1.30,674,120,0.8219584569732937,2.6409495548961424,0.18211397076382235,0.17804154302670627
topic,baseline,tfidf_char_svm,elongation,full,0.95-1.00,5,3,0.4,0.0,0.04091787439613526,0.6
topic,baseline,tfidf_char_svm,elongation,full,1.00-1.05,173,35,0.7976878612716763,1.4971098265895955,0.030249054721375367,0.20231213872832365
topic,baseline,tfidf_char_svm,elongation,full,1.05-1.15,1164,215,0.8152920962199313,1.8565292096219932,0.062047424151203706,0.18470790378006874
topic,baseline,tfidf_char_svm,elongation,full,1.15-1.30,1150,177,0.8460869565217392,2.210434782608696,0.10616817465225728,0.15391304347826085
topic,baseline,tfidf_char_svm,elongation,full,>1.30,674,120,0.8219584569732937,2.6409495548961424,0.18211397076382235,0.17804154302670627
topic,baseline,tfidf_char_svm,mixed_noise,changed_only,<0.95,27,11,0.5925925925925926,-1.0,0.30673043050924026,0.40740740740740744
topic,baseline,tfidf_char_svm,mixed_noise,changed_only,0.95-1.00,717,183,0.7447698744769874,-0.016736401673640166,0.21000431560675348,0.2552301255230126
topic,baseline,tfidf_char_svm,mixed_noise,changed_only,1.00-1.05,245,55,0.7755102040816326,1.1183673469387756,0.1092325191071299,0.22448979591836737
topic,baseline,tfidf_char_svm,mixed_noise,changed_only,1.05-1.15,1073,237,0.7791239515377446,1.505125815470643,0.18824386563483422,0.2208760484622554
topic,baseline,tfidf_char_svm,mixed_noise,changed_only,1.15-1.30,705,153,0.7829787234042553,2.1333333333333333,0.23396417370093703,0.21702127659574466
topic,baseline,tfidf_char_svm,mixed_noise,changed_only,>1.30,368,91,0.7527173913043478,2.6847826086956523,0.29544514965710617,0.24728260869565222
topic,baseline,tfidf_char_svm,mixed_noise,full,<0.95,27,11,0.5925925925925926,-1.0,0.30673043050924026,0.40740740740740744
topic,baseline,tfidf_char_svm,mixed_noise,full,0.95-1.00,748,192,0.7433155080213903,-0.016042780748663103,0.20130092819524362,0.25668449197860965
topic,baseline,tfidf_char_svm,mixed_noise,full,1.00-1.05,245,55,0.7755102040816326,1.1183673469387756,0.1092325191071299,0.22448979591836737
topic,baseline,tfidf_char_svm,mixed_noise,full,1.05-1.15,1073,237,0.7791239515377446,1.505125815470643,0.18824386563483422,0.2208760484622554
topic,baseline,tfidf_char_svm,mixed_noise,full,1.15-1.30,705,153,0.7829787234042553,2.1333333333333333,0.23396417370093703,0.21702127659574466
topic,baseline,tfidf_char_svm,mixed_noise,full,>1.30,368,91,0.7527173913043478,2.6847826086956523,0.29544514965710617,0.24728260869565222
topic,baseline,tfidf_char_svm,no_accent,changed_only,<0.95,7,6,0.14285714285714285,-1.1428571428571428,0.6323652537938252,0.8571428571428572
topic,baseline,tfidf_char_svm,no_accent,changed_only,0.95-1.00,238,158,0.33613445378151263,0.0,0.6635819246113364,0.6638655462184874
topic,baseline,tfidf_char_svm,no_accent,changed_only,1.00-1.05,9,5,0.4444444444444444,1.1111111111111112,0.6552206872522154,0.5555555555555556
topic,baseline,tfidf_char_svm,no_accent,changed_only,1.05-1.15,526,297,0.435361216730038,1.55893536121673,0.7385578248582306,0.564638783269962
topic,baseline,tfidf_char_svm,no_accent,changed_only,1.15-1.30,1530,906,0.40784313725490196,3.7777777777777777,0.7645655913424739,0.592156862745098
topic,baseline,tfidf_char_svm,no_accent,changed_only,>1.30,852,471,0.4471830985915493,5.315727699530516,0.791244819685298,0.5528169014084507
topic,baseline,tfidf_char_svm,no_accent,full,<0.95,7,6,0.14285714285714285,-1.1428571428571428,0.6323652537938252,0.8571428571428572
topic,baseline,tfidf_char_svm,no_accent,full,0.95-1.00,242,160,0.33884297520661155,0.0,0.6526136283367688,0.6611570247933884
topic,baseline,tfidf_char_svm,no_accent,full,1.00-1.05,9,5,0.4444444444444444,1.1111111111111112,0.6552206872522154,0.5555555555555556
topic,baseline,tfidf_char_svm,no_accent,full,1.05-1.15,526,297,0.435361216730038,1.55893536121673,0.7385578248582306,0.564638783269962
topic,baseline,tfidf_char_svm,no_accent,full,1.15-1.30,1530,906,0.40784313725490196,3.7777777777777777,0.7645655913424739,0.592156862745098
topic,baseline,tfidf_char_svm,no_accent,full,>1.30,852,471,0.4471830985915493,5.315727699530516,0.791244819685298,0.5528169014084507
topic,baseline,tfidf_char_svm,teencode_colloquial,changed_only,0.95-1.00,1010,154,0.8475247524752475,0.0,0.09786012852223808,0.1524752475247525
topic,baseline,tfidf_char_svm,teencode_colloquial,changed_only,1.00-1.05,176,36,0.7954545454545454,1.0113636363636365,0.059510085514269735,0.20454545454545459
topic,baseline,tfidf_char_svm,teencode_colloquial,changed_only,1.05-1.15,308,66,0.7857142857142857,1.0584415584415585,0.10901657561705641,0.2142857142857143
topic,baseline,tfidf_char_svm,teencode_colloquial,changed_only,1.15-1.30,42,11,0.7380952380952381,1.2142857142857142,0.20453395810538666,0.26190476190476186
topic,baseline,tfidf_char_svm,teencode_colloquial,changed_only,>1.30,5,2,0.6,1.4,0.3333333333333333,0.4
topic,baseline,tfidf_char_svm,teencode_colloquial,full,0.95-1.00,2635,413,0.8432637571157495,0.0,0.037509954386133,0.15673624288425048
topic,baseline,tfidf_char_svm,teencode_colloquial,full,1.00-1.05,176,36,0.7954545454545454,1.0113636363636365,0.059510085514269735,0.20454545454545459
topic,baseline,tfidf_char_svm,teencode_colloquial,full,1.05-1.15,308,66,0.7857142857142857,1.0584415584415585,0.10901657561705641,0.2142857142857143
topic,baseline,tfidf_char_svm,teencode_colloquial,full,1.15-1.30,42,11,0.7380952380952381,1.2142857142857142,0.20453395810538666,0.26190476190476186
topic,baseline,tfidf_char_svm,teencode_colloquial,full,>1.30,5,2,0.6,1.4,0.3333333333333333,0.4
topic,baseline,tfidf_char_svm,typo,changed_only,<0.95,4,2,0.5,-1.25,0.1352272727272727,0.5
topic,baseline,tfidf_char_svm,typo,changed_only,0.95-1.00,1414,318,0.7751060820367751,-0.0014144271570014145,0.09829612323208958,0.2248939179632249
topic,baseline,tfidf_char_svm,typo,changed_only,1.00-1.05,343,62,0.8192419825072886,1.0029154518950438,0.03718463211327296,0.18075801749271136
topic,baseline,tfidf_char_svm,typo,changed_only,1.05-1.15,1072,204,0.8097014925373134,1.017723880597015,0.09471983914765347,0.19029850746268662
topic,baseline,tfidf_char_svm,typo,changed_only,1.15-1.30,214,65,0.6962616822429907,1.0700934579439252,0.1864375759235572,0.3037383177570093
topic,baseline,tfidf_char_svm,typo,changed_only,>1.30,27,10,0.6296296296296297,1.1481481481481481,0.32962962962962966,0.37037037037037035
topic,baseline,tfidf_char_svm,typo,full,<0.95,4,2,0.5,-1.25,0.1352272727272727,0.5
topic,baseline,tfidf_char_svm,typo,full,0.95-1.00,1506,340,0.7742363877822045,-0.0013280212483399733,0.09229131357913324,0.2257636122177955
topic,baseline,tfidf_char_svm,typo,full,1.00-1.05,343,62,0.8192419825072886,1.0029154518950438,0.03718463211327296,0.18075801749271136
topic,baseline,tfidf_char_svm,typo,full,1.05-1.15,1072,204,0.8097014925373134,1.017723880597015,0.09471983914765347,0.19029850746268662
topic,baseline,tfidf_char_svm,typo,full,1.15-1.30,214,65,0.6962616822429907,1.0700934579439252,0.1864375759235572,0.3037383177570093
topic,baseline,tfidf_char_svm,typo,full,>1.30,27,10,0.6296296296296297,1.1481481481481481,0.32962962962962966,0.37037037037037035
topic,baseline,tfidf_word_svm,domain_abbreviation,changed_only,<0.95,159,37,0.7672955974842768,-1.10062893081761,0.24537329090978907,0.23270440251572322
topic,baseline,tfidf_word_svm,domain_abbreviation,changed_only,0.95-1.00,1371,254,0.8147337709700948,-0.06856309263311451,0.17990070966663912,0.1852662290299052
topic,baseline,tfidf_word_svm,domain_abbreviation,full,<0.95,159,37,0.7672955974842768,-1.10062893081761,0.24537329090978907,0.23270440251572322
topic,baseline,tfidf_word_svm,domain_abbreviation,full,0.95-1.00,3007,512,0.829730628533422,-0.03126039241769205,0.08202323676520194,0.17026937146657795
topic,baseline,tfidf_word_svm,elongation,changed_only,0.95-1.00,3,2,0.3333333333333333,0.0,0.0681964573268921,0.6666666666666667
topic,baseline,tfidf_word_svm,elongation,changed_only,1.00-1.05,173,24,0.861271676300578,1.4971098265895955,0.030249054721375367,0.138728323699422
topic,baseline,tfidf_word_svm,elongation,changed_only,1.05-1.15,1164,171,0.8530927835051546,1.8565292096219932,0.062047424151203706,0.1469072164948454
topic,baseline,tfidf_word_svm,elongation,changed_only,1.15-1.30,1150,175,0.8478260869565217,2.210434782608696,0.10616817465225728,0.15217391304347827
topic,baseline,tfidf_word_svm,elongation,changed_only,>1.30,674,135,0.7997032640949555,2.6409495548961424,0.18211397076382235,0.2002967359050445
topic,baseline,tfidf_word_svm,elongation,full,0.95-1.00,5,3,0.4,0.0,0.04091787439613526,0.6
topic,baseline,tfidf_word_svm,elongation,full,1.00-1.05,173,24,0.861271676300578,1.4971098265895955,0.030249054721375367,0.138728323699422
topic,baseline,tfidf_word_svm,elongation,full,1.05-1.15,1164,171,0.8530927835051546,1.8565292096219932,0.062047424151203706,0.1469072164948454
topic,baseline,tfidf_word_svm,elongation,full,1.15-1.30,1150,175,0.8478260869565217,2.210434782608696,0.10616817465225728,0.15217391304347827
topic,baseline,tfidf_word_svm,elongation,full,>1.30,674,135,0.7997032640949555,2.6409495548961424,0.18211397076382235,0.2002967359050445
topic,baseline,tfidf_word_svm,mixed_noise,changed_only,<0.95,27,9,0.6666666666666666,-1.0,0.30673043050924026,0.33333333333333337
topic,baseline,tfidf_word_svm,mixed_noise,changed_only,0.95-1.00,717,136,0.810320781032078,-0.016736401673640166,0.21000431560675348,0.18967921896792195
topic,baseline,tfidf_word_svm,mixed_noise,changed_only,1.00-1.05,245,57,0.7673469387755102,1.1183673469387756,0.1092325191071299,0.2326530612244898
topic,baseline,tfidf_word_svm,mixed_noise,changed_only,1.05-1.15,1073,201,0.8126747437092264,1.505125815470643,0.18824386563483422,0.18732525629077357
topic,baseline,tfidf_word_svm,mixed_noise,changed_only,1.15-1.30,705,141,0.8,2.1333333333333333,0.23396417370093703,0.19999999999999996
topic,baseline,tfidf_word_svm,mixed_noise,changed_only,>1.30,368,84,0.7717391304347826,2.6847826086956523,0.29544514965710617,0.2282608695652174
topic,baseline,tfidf_word_svm,mixed_noise,full,<0.95,27,9,0.6666666666666666,-1.0,0.30673043050924026,0.33333333333333337
topic,baseline,tfidf_word_svm,mixed_noise,full,0.95-1.00,748,143,0.8088235294117647,-0.016042780748663103,0.20130092819524362,0.19117647058823528
topic,baseline,tfidf_word_svm,mixed_noise,full,1.00-1.05,245,57,0.7673469387755102,1.1183673469387756,0.1092325191071299,0.2326530612244898
topic,baseline,tfidf_word_svm,mixed_noise,full,1.05-1.15,1073,201,0.8126747437092264,1.505125815470643,0.18824386563483422,0.18732525629077357
topic,baseline,tfidf_word_svm,mixed_noise,full,1.15-1.30,705,141,0.8,2.1333333333333333,0.23396417370093703,0.19999999999999996
topic,baseline,tfidf_word_svm,mixed_noise,full,>1.30,368,84,0.7717391304347826,2.6847826086956523,0.29544514965710617,0.2282608695652174
topic,baseline,tfidf_word_svm,no_accent,changed_only,<0.95,7,2,0.7142857142857143,-1.1428571428571428,0.6323652537938252,0.2857142857142857
topic,baseline,tfidf_word_svm,no_accent,changed_only,0.95-1.00,238,150,0.3697478991596639,0.0,0.6635819246113364,0.6302521008403361
topic,baseline,tfidf_word_svm,no_accent,changed_only,1.00-1.05,9,5,0.4444444444444444,1.1111111111111112,0.6552206872522154,0.5555555555555556
topic,baseline,tfidf_word_svm,no_accent,changed_only,1.05-1.15,526,338,0.3574144486692015,1.55893536121673,0.7385578248582306,0.6425855513307985
topic,baseline,tfidf_word_svm,no_accent,changed_only,1.15-1.30,1530,1013,0.33790849673202616,3.7777777777777777,0.7645655913424739,0.6620915032679738
topic,baseline,tfidf_word_svm,no_accent,changed_only,>1.30,852,613,0.2805164319248826,5.315727699530516,0.791244819685298,0.7194835680751174
topic,baseline,tfidf_word_svm,no_accent,full,<0.95,7,2,0.7142857142857143,-1.1428571428571428,0.6323652537938252,0.2857142857142857
topic,baseline,tfidf_word_svm,no_accent,full,0.95-1.00,242,151,0.3760330578512397,0.0,0.6526136283367688,0.6239669421487604
topic,baseline,tfidf_word_svm,no_accent,full,1.00-1.05,9,5,0.4444444444444444,1.1111111111111112,0.6552206872522154,0.5555555555555556
topic,baseline,tfidf_word_svm,no_accent,full,1.05-1.15,526,338,0.3574144486692015,1.55893536121673,0.7385578248582306,0.6425855513307985
topic,baseline,tfidf_word_svm,no_accent,full,1.15-1.30,1530,1013,0.33790849673202616,3.7777777777777777,0.7645655913424739,0.6620915032679738
topic,baseline,tfidf_word_svm,no_accent,full,>1.30,852,613,0.2805164319248826,5.315727699530516,0.791244819685298,0.7194835680751174
topic,baseline,tfidf_word_svm,teencode_colloquial,changed_only,0.95-1.00,1010,122,0.8792079207920792,0.0,0.09786012852223808,0.12079207920792079
topic,baseline,tfidf_word_svm,teencode_colloquial,changed_only,1.00-1.05,176,23,0.8693181818181818,1.0113636363636365,0.059510085514269735,0.13068181818181823
topic,baseline,tfidf_word_svm,teencode_colloquial,changed_only,1.05-1.15,308,63,0.7954545454545454,1.0584415584415585,0.10901657561705641,0.20454545454545459
topic,baseline,tfidf_word_svm,teencode_colloquial,changed_only,1.15-1.30,42,10,0.7619047619047619,1.2142857142857142,0.20453395810538666,0.23809523809523814
topic,baseline,tfidf_word_svm,teencode_colloquial,changed_only,>1.30,5,2,0.6,1.4,0.3333333333333333,0.4
topic,baseline,tfidf_word_svm,teencode_colloquial,full,0.95-1.00,2635,345,0.8690702087286527,0.0,0.037509954386133,0.1309297912713473
topic,baseline,tfidf_word_svm,teencode_colloquial,full,1.00-1.05,176,23,0.8693181818181818,1.0113636363636365,0.059510085514269735,0.13068181818181823
topic,baseline,tfidf_word_svm,teencode_colloquial,full,1.05-1.15,308,63,0.7954545454545454,1.0584415584415585,0.10901657561705641,0.20454545454545459
topic,baseline,tfidf_word_svm,teencode_colloquial,full,1.15-1.30,42,10,0.7619047619047619,1.2142857142857142,0.20453395810538666,0.23809523809523814
topic,baseline,tfidf_word_svm,teencode_colloquial,full,>1.30,5,2,0.6,1.4,0.3333333333333333,0.4
topic,baseline,tfidf_word_svm,typo,changed_only,<0.95,4,0,1.0,-1.25,0.1352272727272727,0.0
topic,baseline,tfidf_word_svm,typo,changed_only,0.95-1.00,1414,245,0.8267326732673267,-0.0014144271570014145,0.09829612323208958,0.1732673267326733
topic,baseline,tfidf_word_svm,typo,changed_only,1.00-1.05,343,46,0.8658892128279884,1.0029154518950438,0.03718463211327296,0.13411078717201164
topic,baseline,tfidf_word_svm,typo,changed_only,1.05-1.15,1072,174,0.8376865671641791,1.017723880597015,0.09471983914765347,0.1623134328358209
topic,baseline,tfidf_word_svm,typo,changed_only,1.15-1.30,214,43,0.7990654205607477,1.0700934579439252,0.1864375759235572,0.2009345794392523
topic,baseline,tfidf_word_svm,typo,changed_only,>1.30,27,11,0.5925925925925926,1.1481481481481481,0.32962962962962966,0.40740740740740744
topic,baseline,tfidf_word_svm,typo,full,<0.95,4,0,1.0,-1.25,0.1352272727272727,0.0
topic,baseline,tfidf_word_svm,typo,full,0.95-1.00,1506,267,0.8227091633466136,-0.0013280212483399733,0.09229131357913324,0.1772908366533864
topic,baseline,tfidf_word_svm,typo,full,1.00-1.05,343,46,0.8658892128279884,1.0029154518950438,0.03718463211327296,0.13411078717201164
topic,baseline,tfidf_word_svm,typo,full,1.05-1.15,1072,174,0.8376865671641791,1.017723880597015,0.09471983914765347,0.1623134328358209
topic,baseline,tfidf_word_svm,typo,full,1.15-1.30,214,43,0.7990654205607477,1.0700934579439252,0.1864375759235572,0.2009345794392523
topic,baseline,tfidf_word_svm,typo,full,>1.30,27,11,0.5925925925925926,1.1481481481481481,0.32962962962962966,0.40740740740740744
topic,phobert,phobert_base,domain_abbreviation,changed_only,<0.95,159,31,0.8050314465408805,-1.10062893081761,0.24537329090978907,0.19496855345911945
topic,phobert,phobert_base,domain_abbreviation,changed_only,0.95-1.00,1371,257,0.812545587162655,-0.06856309263311451,0.17990070966663912,0.18745441283734499
topic,phobert,phobert_base,domain_abbreviation,full,<0.95,159,31,0.8050314465408805,-1.10062893081761,0.24537329090978907,0.19496855345911945
topic,phobert,phobert_base,domain_abbreviation,full,0.95-1.00,3007,439,0.8540073162620552,-0.03126039241769205,0.08202323676520194,0.14599268373794483
topic,phobert,phobert_base,elongation,changed_only,0.95-1.00,3,1,0.6666666666666666,0.0,0.0681964573268921,0.33333333333333337
topic,phobert,phobert_base,elongation,changed_only,1.00-1.05,173,20,0.884393063583815,1.4971098265895955,0.030249054721375367,0.11560693641618502
topic,phobert,phobert_base,elongation,changed_only,1.05-1.15,1164,128,0.8900343642611683,1.8565292096219932,0.062047424151203706,0.10996563573883167
topic,phobert,phobert_base,elongation,changed_only,1.15-1.30,1150,120,0.8956521739130435,2.210434782608696,0.10616817465225728,0.10434782608695647
topic,phobert,phobert_base,elongation,changed_only,>1.30,674,91,0.8649851632047477,2.6409495548961424,0.18211397076382235,0.13501483679525228
topic,phobert,phobert_base,elongation,full,0.95-1.00,5,1,0.8,0.0,0.04091787439613526,0.19999999999999996
topic,phobert,phobert_base,elongation,full,1.00-1.05,173,20,0.884393063583815,1.4971098265895955,0.030249054721375367,0.11560693641618502
topic,phobert,phobert_base,elongation,full,1.05-1.15,1164,128,0.8900343642611683,1.8565292096219932,0.062047424151203706,0.10996563573883167
topic,phobert,phobert_base,elongation,full,1.15-1.30,1150,120,0.8956521739130435,2.210434782608696,0.10616817465225728,0.10434782608695647
topic,phobert,phobert_base,elongation,full,>1.30,674,91,0.8649851632047477,2.6409495548961424,0.18211397076382235,0.13501483679525228
topic,phobert,phobert_base,mixed_noise,changed_only,<0.95,27,13,0.5185185185185185,-1.0,0.30673043050924026,0.4814814814814815
topic,phobert,phobert_base,mixed_noise,changed_only,0.95-1.00,717,125,0.8256624825662483,-0.016736401673640166,0.21000431560675348,0.1743375174337517
topic,phobert,phobert_base,mixed_noise,changed_only,1.00-1.05,245,46,0.8122448979591836,1.1183673469387756,0.1092325191071299,0.18775510204081636
topic,phobert,phobert_base,mixed_noise,changed_only,1.05-1.15,1073,166,0.8452935694315005,1.505125815470643,0.18824386563483422,0.15470643056849953
topic,phobert,phobert_base,mixed_noise,changed_only,1.15-1.30,705,114,0.8382978723404255,2.1333333333333333,0.23396417370093703,0.16170212765957448
topic,phobert,phobert_base,mixed_noise,changed_only,>1.30,368,85,0.7690217391304348,2.6847826086956523,0.29544514965710617,0.2309782608695652
topic,phobert,phobert_base,mixed_noise,full,<0.95,27,13,0.5185185185185185,-1.0,0.30673043050924026,0.4814814814814815
topic,phobert,phobert_base,mixed_noise,full,0.95-1.00,748,132,0.8235294117647058,-0.016042780748663103,0.20130092819524362,0.17647058823529416
topic,phobert,phobert_base,mixed_noise,full,1.00-1.05,245,46,0.8122448979591836,1.1183673469387756,0.1092325191071299,0.18775510204081636
topic,phobert,phobert_base,mixed_noise,full,1.05-1.15,1073,166,0.8452935694315005,1.505125815470643,0.18824386563483422,0.15470643056849953
topic,phobert,phobert_base,mixed_noise,full,1.15-1.30,705,114,0.8382978723404255,2.1333333333333333,0.23396417370093703,0.16170212765957448
topic,phobert,phobert_base,mixed_noise,full,>1.30,368,85,0.7690217391304348,2.6847826086956523,0.29544514965710617,0.2309782608695652
topic,phobert,phobert_base,no_accent,changed_only,<0.95,7,4,0.42857142857142855,-1.1428571428571428,0.6323652537938252,0.5714285714285714
topic,phobert,phobert_base,no_accent,changed_only,0.95-1.00,238,127,0.46638655462184875,0.0,0.6635819246113364,0.5336134453781513
topic,phobert,phobert_base,no_accent,changed_only,1.00-1.05,9,6,0.3333333333333333,1.1111111111111112,0.6552206872522154,0.6666666666666667
topic,phobert,phobert_base,no_accent,changed_only,1.05-1.15,526,285,0.45817490494296575,1.55893536121673,0.7385578248582306,0.5418250950570342
topic,phobert,phobert_base,no_accent,changed_only,1.15-1.30,1530,787,0.48562091503267973,3.7777777777777777,0.7645655913424739,0.5143790849673202
topic,phobert,phobert_base,no_accent,changed_only,>1.30,852,462,0.45774647887323944,5.315727699530516,0.791244819685298,0.5422535211267605
topic,phobert,phobert_base,no_accent,full,<0.95,7,4,0.42857142857142855,-1.1428571428571428,0.6323652537938252,0.5714285714285714
topic,phobert,phobert_base,no_accent,full,0.95-1.00,242,128,0.47107438016528924,0.0,0.6526136283367688,0.5289256198347108
topic,phobert,phobert_base,no_accent,full,1.00-1.05,9,6,0.3333333333333333,1.1111111111111112,0.6552206872522154,0.6666666666666667
topic,phobert,phobert_base,no_accent,full,1.05-1.15,526,285,0.45817490494296575,1.55893536121673,0.7385578248582306,0.5418250950570342
topic,phobert,phobert_base,no_accent,full,1.15-1.30,1530,787,0.48562091503267973,3.7777777777777777,0.7645655913424739,0.5143790849673202
topic,phobert,phobert_base,no_accent,full,>1.30,852,462,0.45774647887323944,5.315727699530516,0.791244819685298,0.5422535211267605
topic,phobert,phobert_base,teencode_colloquial,changed_only,0.95-1.00,1010,90,0.9108910891089109,0.0,0.09786012852223808,0.08910891089108908
topic,phobert,phobert_base,teencode_colloquial,changed_only,1.00-1.05,176,16,0.9090909090909091,1.0113636363636365,0.059510085514269735,0.09090909090909094
topic,phobert,phobert_base,teencode_colloquial,changed_only,1.05-1.15,308,47,0.8474025974025974,1.0584415584415585,0.10901657561705641,0.15259740259740262
topic,phobert,phobert_base,teencode_colloquial,changed_only,1.15-1.30,42,5,0.8809523809523809,1.2142857142857142,0.20453395810538666,0.11904761904761907
topic,phobert,phobert_base,teencode_colloquial,changed_only,>1.30,5,1,0.8,1.4,0.3333333333333333,0.19999999999999996
topic,phobert,phobert_base,teencode_colloquial,full,0.95-1.00,2635,259,0.901707779886148,0.0,0.037509954386133,0.09829222011385197
topic,phobert,phobert_base,teencode_colloquial,full,1.00-1.05,176,16,0.9090909090909091,1.0113636363636365,0.059510085514269735,0.09090909090909094
topic,phobert,phobert_base,teencode_colloquial,full,1.05-1.15,308,47,0.8474025974025974,1.0584415584415585,0.10901657561705641,0.15259740259740262
topic,phobert,phobert_base,teencode_colloquial,full,1.15-1.30,42,5,0.8809523809523809,1.2142857142857142,0.20453395810538666,0.11904761904761907
topic,phobert,phobert_base,teencode_colloquial,full,>1.30,5,1,0.8,1.4,0.3333333333333333,0.19999999999999996
topic,phobert,phobert_base,typo,changed_only,<0.95,4,0,1.0,-1.25,0.1352272727272727,0.0
topic,phobert,phobert_base,typo,changed_only,0.95-1.00,1414,189,0.8663366336633663,-0.0014144271570014145,0.09829612323208958,0.13366336633663367
topic,phobert,phobert_base,typo,changed_only,1.00-1.05,343,34,0.9008746355685131,1.0029154518950438,0.03718463211327296,0.0991253644314869
topic,phobert,phobert_base,typo,changed_only,1.05-1.15,1072,132,0.8768656716417911,1.017723880597015,0.09471983914765347,0.12313432835820892
topic,phobert,phobert_base,typo,changed_only,1.15-1.30,214,36,0.8317757009345794,1.0700934579439252,0.1864375759235572,0.16822429906542058
topic,phobert,phobert_base,typo,changed_only,>1.30,27,8,0.7037037037037037,1.1481481481481481,0.32962962962962966,0.2962962962962963
topic,phobert,phobert_base,typo,full,<0.95,4,0,1.0,-1.25,0.1352272727272727,0.0
topic,phobert,phobert_base,typo,full,0.95-1.00,1506,206,0.8632138114209827,-0.0013280212483399733,0.09229131357913324,0.13678618857901725
topic,phobert,phobert_base,typo,full,1.00-1.05,343,34,0.9008746355685131,1.0029154518950438,0.03718463211327296,0.0991253644314869
topic,phobert,phobert_base,typo,full,1.05-1.15,1072,132,0.8768656716417911,1.017723880597015,0.09471983914765347,0.12313432835820892
topic,phobert,phobert_base,typo,full,1.15-1.30,214,36,0.8317757009345794,1.0700934579439252,0.1864375759235572,0.16822429906542058
topic,phobert,phobert_base,typo,full,>1.30,27,8,0.7037037037037037,1.1481481481481481,0.32962962962962966,0.2962962962962963
